asset_name,gdrive_url,file_id,asset_type,topic,persona,stage,active,notes
Flows Product Launch Brief,https://docs.google.com/document/d/1FpkUEuf0pLJ_XlCOo5jbdM_2B_rWU5ijnosnwUpvM4I/edit?usp=drivesdk,1FpkUEuf0pLJ_XlCOo5jbdM_2B_rWU5ijnosnwUpvM4I,Product Overview,Workflow / Automation,"Technical, Manager","Exploring, Evaluating",yes,"A launch brief for ""Flows"" that explains the value proposition; great for introducing the concept to prospects."
Spacelift FedRAMP Launch Brief,https://docs.google.com/document/d/1b9u2LErA3WPoAfYYHeLRHqqsM2zOOOheBwndKPhEo18/edit?usp=drivesdk,1b9u2LErA3WPoAfYYHeLRHqqsM2zOOOheBwndKPhEo18,Product Overview,"Compliance, Security","Executive, Manager",Evaluating,yes,Specific brief on FedRAMP status; essential for public sector or highly regulated enterprise deals.
US Region - Product Launch Brief,https://docs.google.com/document/d/11gd48GJzJ7PfScJPM_VxhqZzUKXOc7yt9eRWIas1Eww/edit?usp=drivesdk,11gd48GJzJ7PfScJPM_VxhqZzUKXOc7yt9eRWIas1Eww,Product Overview,Scalability,"Technical, Manager","Exploring, Evaluating",yes,Briefing on US-specific infrastructure availability to address data residency concerns.
Product Launch Brief - Decoupled Self-hosted,https://docs.google.com/document/d/15vesYSIQbEScyKq9I8toQHTdg1ZV5M3_E3nXilBeseg/edit?usp=drivesdk,15vesYSIQbEScyKq9I8toQHTdg1ZV5M3_E3nXilBeseg,Product Overview,"Security, Scalability",Technical,Evaluating,yes,Details the launch of Private Workers; useful for customers requiring high security and on-prem execution.
ansibleOnePager,https://drive.google.com/file/d/1eSkmaJGpHlvySL6CvK3sfVaI8WYjzDKz/view?usp=drivesdk,1eSkmaJGpHlvySL6CvK3sfVaI8WYjzDKz,Technical Deep Dive,"Migration, Workflow / Automation",Technical,Evaluating,yes,Technical documentation for migrating to OpenTofu; vital for customers looking for Terraform alternatives.
Product Launch Brief Template,https://docs.google.com/document/d/1L2uCFZ82NCj9BF-YGZc195Genrr6A7ZqwYLOvhUohG4/edit?usp=drivesdk,1L2uCFZ82NCj9BF-YGZc195Genrr6A7ZqwYLOvhUohG4,Product Overview,Workflow / Automation,"Technical, Manager","Exploring, Evaluating",yes,Briefing on ServiceNow integration; useful for larger enterprises with mature ITIL processes.
Spacelift Intelligence Overview Video,https://docs.google.com/document/d/1_r0B2-vOeCBMb9zuoIodYUuN_Lj91K321xKgkUkCLLw/edit?usp=drivesdk,1_r0B2-vOeCBMb9zuoIodYUuN_Lj91K321xKgkUkCLLw,Webinar / Demo,,,,yes,Product video demonstrating dynamic tooling; highly effective for showing ease of use to engineers.
GAACS Brief - Spacelift Intelligence launch,https://docs.google.com/document/d/1jVSK5fAq2OmHBEjv_VhHMwnq1roQESlqIm09i9alSV0/edit?usp=drivesdk,1jVSK5fAq2OmHBEjv_VhHMwnq1roQESlqIm09i9alSV0,Other,,,,yes,Internal Only. This is an Ansible launch plan focused on internal milestones rather than sales messaging.
Intent GA Needs,https://docs.google.com/document/d/1Gwn_H8r6StZ42HUlqkYKEw_qY1bsF2qAF-OUZRUffl4/edit?usp=drivesdk,1Gwn_H8r6StZ42HUlqkYKEw_qY1bsF2qAF-OUZRUffl4,Sales Deck,,,,yes,"A pitch deck for the ""Flows"" launch; used to present the vision of automated IaC workflows."
"Spacelift Intelligence ""Why"" LinkedIn carousel",https://docs.google.com/document/d/1jOXpLlHervUjGKmYKdUUsY73Xp3-qBaBiPBxw6ceTVc/edit?usp=drivesdk,1jOXpLlHervUjGKmYKdUUsY73Xp3-qBaBiPBxw6ceTVc,Solution Brief,,,,yes,"Comparison and migration path for TFC users; strong for ""swap-out"" conversations."
Spacelift Intelligence Social Ideas and Initial Drafts,https://docs.google.com/document/d/1TFgrEORa9Af2tNzD9-b4TVL-72JWHq7Sg-UzpLnaPG4/edit?usp=drivesdk,1TFgrEORa9Af2tNzD9-b4TVL-72JWHq7Sg-UzpLnaPG4,Datasheet,"AI / Intelligence, Workflow / Automation","Technical, End-User",Evaluating,yes,"A deep dive into OPA (Open Policy Agent) support; key for the ""Governance"" sales pillar."
Spacelift Intelligence launch carousel,https://docs.google.com/document/d/1Fs0OM1e2ut1X_QruoEC4N276b8WstshuEzmH-UDjRZs/edit?usp=drivesdk,1Fs0OM1e2ut1X_QruoEC4N276b8WstshuEzmH-UDjRZs,Sales Deck,,,,yes,A customer success slide deck; useful as a template for showing long-term partnership value.
Spacelift Sales Deck [Mar 2026],https://docs.google.com/presentation/d/1yH5bo3eFG94CCRsX5JiQps8hGU0HTD0yXCdFYu5sWEk/edit?usp=drivesdk,1yH5bo3eFG94CCRsX5JiQps8hGU0HTD0yXCdFYu5sWEk,Webinar / Video,"Workflow / Automation, Developer Experience","Executive, Manager","Evaluating, Closing",yes,"Short social video clip; useful for LinkedIn or initial ""cold"" reach out to technical personas."
Spacelift Intelligence - Analyst Presentation,https://docs.google.com/presentation/d/1lhokzct1Md9fIpaJRwIzUMCpwVG1q_TAoY6Wosf7S-c/edit?usp=drivesdk,1lhokzct1Md9fIpaJRwIzUMCpwVG1q_TAoY6Wosf7S-c,Product Overview,"AI / Intelligence, Migration","Manager, Executive","Exploring, Evaluating",yes,Details on the AWS region launch; useful for confirming data residency for AWS-heavy prospects.
Draft Updated Message Pitch,https://docs.google.com/presentation/d/1XBTMrCpdphgoOnPOv3JeMFGSPemYJ0Jndlwy7LhH2fE/edit?usp=drivesdk,1XBTMrCpdphgoOnPOv3JeMFGSPemYJ0Jndlwy7LhH2fE,Internal / Operational,"Governance, Security","Technical, Manager",Evaluating,yes,Internal Only. Contains notes from a launch sync; not customer-facing.
Intent tech preview: what did we learn? and Natalia Gazda - 2026/01/21 16:26 CET - Notes by Gemini,https://drive.google.com/file/d/1PMPr7mQxyX04CzfD0JVv2L0bGvNi1NDo/view?usp=drivesdk,1PMPr7mQxyX04CzfD0JVv2L0bGvNi1NDo,Product Overview,"Workflow / Automation, Pricing / ROI","Executive, Manager","Evaluating, Closing",yes,Detailed brief on FedRAMP Moderate controls; mandatory for federal agency sales.
NEWS // Spacelift Intelligence & GA of Spacelift Intent,https://docs.google.com/document/d/1sQtmJCPviJj9lDWYT-UKvsu-Cnt-AD_6KPoL3XcDiGw/edit?usp=drivesdk,1sQtmJCPviJj9lDWYT-UKvsu-Cnt-AD_6KPoL3XcDiGw,Webinar / Video,,,,yes,"Demo video of ""Flows"" in action; helps validate the technical requirement during a POC."
WORKBACK PLAN // Intent GA,https://drive.google.com/file/d/1SpwlxgtDvRhtZMvYO1aWh_37gXInUCw6/view?usp=drivesdk,1SpwlxgtDvRhtZMvYO1aWh_37gXInUCw6,Sales Deck,,,,yes,Presentation for partner enablement; useful for training resellers but not for direct customer sales.
Performance Readout - Terragrunt (March 2026),https://docs.google.com/presentation/d/1nPeOO-rK5_Mfq0rmFTuIlhEatN4rZ-ef_jodgymWqHU/edit?usp=drivesdk,1nPeOO-rK5_Mfq0rmFTuIlhEatN4rZ-ef_jodgymWqHU,Competitive Comparison,,,,yes,Document outlining the competitive edge against Terraform Cloud; very high sales value for re-evaluating incumbents.
Performance data - Email marketing - Terragrunt,https://docs.google.com/spreadsheets/d/1THIH7Tx4WPWkHhQbylnpxTu4n8l6ta0NCo2KUOcviLw/edit?usp=drivesdk,1THIH7Tx4WPWkHhQbylnpxTu4n8l6ta0NCo2KUOcviLw,Technical Deep Dive,"Workflow / Automation, Developer Experience","Technical, End-User",Evaluating,yes,A technical guide on implementing OPA; helps architects understand how to enforce compliance rules.
Spacelift Marketing Project Brief (GACCS) - Terragrunt,https://docs.google.com/document/d/1XzKvwT9ApkOcnvFouGnY4s4wjxTWVCewXbU-y332AjM/edit?usp=drivesdk,1XzKvwT9ApkOcnvFouGnY4s4wjxTWVCewXbU-y332AjM,Solution Brief,"Scalability, Workflow / Automation","Executive, Manager","Exploring, Evaluating",yes,High-level brief on governing AWS environments; used to show Spacelift's value in a multi-account AWS setup.
Introducing Spacelift Plugins: Extensibility Meets Infrastructure as Code,https://docs.google.com/document/d/1Qm5k4olRs7kBJiERKgLtzcHoQtJEfIs9vZR7rFdsf4A/edit?usp=drivesdk,1Qm5k4olRs7kBJiERKgLtzcHoQtJEfIs9vZR7rFdsf4A,Internal / Operational,,,,yes,Internal Only. Logistical plan for the AWS Region launch.
Current Challenges and Issues,https://docs.google.com/document/d/1c8DTbkBKPwSBZ2Cqq3SY0UIM92_jcbkqWbosKlBjIwo/edit?usp=drivesdk,1c8DTbkBKPwSBZ2Cqq3SY0UIM92_jcbkqWbosKlBjIwo,Webinar / Demo,,,,yes,Demo video showing the ServiceNow spoke; vital for enterprises wanting to integrate IaC with ITSM.
Features to Benefits Mapping,https://docs.google.com/document/d/1ACOO-cec0j3sjRsHwxlhT64odWHfH74Ax2DMIQjWdzk/edit?usp=drivesdk,1ACOO-cec0j3sjRsHwxlhT64odWHfH74Ax2DMIQjWdzk,Sales Deck,,,,yes,Comparative deck highlighting the benefits of OpenTofu; powerful for prospects concerned about license changes.
Use Cases,https://docs.google.com/document/d/19s3uGfEQ5AS4UwUIl0ENkPTWs2TtZW3U2uxeYZujPLA/edit?usp=drivesdk,19s3uGfEQ5AS4UwUIl0ENkPTWs2TtZW3U2uxeYZujPLA,Technical Deep Dive,"Compliance, Security","Manager, Executive",Evaluating,yes,Step-by-step migration document; provides confidence to technical teams during a vendor switch.
Customers top 6 pain points,https://docs.google.com/document/d/1E2BUb9ra2YtrSOoAcK-of2lzpgQHMRkqHEiZFSX8WVo/edit?usp=drivesdk,1E2BUb9ra2YtrSOoAcK-of2lzpgQHMRkqHEiZFSX8WVo,Other,Workflow / Automation,"Technical, End-User",Evaluating,yes,Internal social media rollout plan; low direct value for a sales conversation.
Spacelift Flows - Sales Deck,https://docs.google.com/presentation/d/13S9pt5cuuV-gHN71-awCLNK_Eck00ubveQ2Rv-jzAMw/edit?usp=drivesdk,13S9pt5cuuV-gHN71-awCLNK_Eck00ubveQ2Rv-jzAMw,Product Overview,,,,yes,Brief explaining the Private Worker architecture; helps address security/data residency requirements.
Flows Speed Sales Deck Recording.webm,https://drive.google.com/file/d/1Jfk9nmdXNzEO6fYKyfPW6FnLqWhHA9DM/view?usp=drivesdk,1Jfk9nmdXNzEO6fYKyfPW6FnLqWhHA9DM,Internal / Operational,"Cost Optimization, Migration","Manager, Executive","Evaluating, Negotiating",yes,Internal Only. Spreadsheet for launch event expenses.
Flows Overview - Internal,https://docs.google.com/presentation/d/1QLbpyrTrxIJYwusvIqF9Rlsz41z6goOU0j-xGFpOYpA/edit?usp=drivesdk,1QLbpyrTrxIJYwusvIqF9Rlsz41z6goOU0j-xGFpOYpA,Solution Brief,"Governance, Workflow / Automation",Technical,Evaluating,yes,Strategic document for TFC users; outlines why and how to move to Spacelift.
n8n key messages and sense of urgency messaging,https://docs.google.com/document/d/1PKS9vbssPBIhRcCPmkjjvKCLVvvIOg8KBVKKNTMUuTE/edit?usp=drivesdk,1PKS9vbssPBIhRcCPmkjjvKCLVvvIOg8KBVKKNTMUuTE,Datasheet,,,,yes,Feature sheet for Azure-specific integrations; helpful for Azure-primary shops.
Tines Key Messages and Urgency Messaging,https://docs.google.com/document/d/1880MxMtOVh6ox-guf_VEmHDyTRGp8_4XsC1zC_s8uWk/edit?usp=drivesdk,1880MxMtOVh6ox-guf_VEmHDyTRGp8_4XsC1zC_s8uWk,Webinar / Demo,"Governance, Workflow / Automation",Manager,"Exploring, Evaluating",yes,"Short video clip showing the ""Stacks"" UI; good for visual engagement in early emails."
Key customer quotes and snippets on security and governance,https://docs.google.com/document/d/1qZhB2UmYKtS2foEX7gXCf7lFbfVUapYnl4BhItnCJrM/edit?usp=drivesdk,1qZhB2UmYKtS2foEX7gXCf7lFbfVUapYnl4BhItnCJrM,Internal / Operational,,,,yes,Internal Only. Schedule for booth staffing at a launch event.
DevOps Automation Scripting Risk Statistics.docx,https://docs.google.com/document/d/1RS6OT4CmnvcU5UjgmmleqRhSq-4BDXwm/edit?usp=drivesdk&ouid=102920102295700585238&rtpof=true&sd=true,1RS6OT4CmnvcU5UjgmmleqRhSq-4BDXwm,Product Overview,,,,yes,Launch document for Drift Detection; key for maintaining IaC integrity.
Industry Topic Trends.docx,https://docs.google.com/document/d/1pcQBSDL7u8W6_y8InAciy2zroTjL8oTX/edit?usp=drivesdk&ouid=102920102295700585238&rtpof=true&sd=true,1pcQBSDL7u8W6_y8InAciy2zroTjL8oTX,Sales Deck,,,,yes,Standardized deck for Executive Business Reviews; helps sales show realized value to current customers.
Defining the Automation Gap.docx,https://docs.google.com/document/d/1mGW79kh6tbfgR8kPEQGerA9pGJHLXTVK/edit?usp=drivesdk&ouid=102920102295700585238&rtpof=true&sd=true,1mGW79kh6tbfgR8kPEQGerA9pGJHLXTVK,Other,Workflow / Automation,"Technical, Manager",Evaluating,yes,Internal repository of executive quotes for press releases; low sales value.
Flows Labs: GitHub Issue Triggers Slack Alert,https://docs.google.com/document/d/1nRguUArDFOE7l25nDEbhrdoWdY5th9oRIw9gjfsQz7M/edit?usp=drivesdk,1nRguUArDFOE7l25nDEbhrdoWdY5th9oRIw9gjfsQz7M,Technical Deep Dive,"Migration, Developer Experience","Manager, Executive","Evaluating, Closing",yes,Best practices guide for GitOps; positions Spacelift as a thought leader in modern delivery.
Heads up Slack Notification for JBTD Nav,https://docs.google.com/document/d/1VQhJllV3iD-bPEGW3fAUgQ52d8_u1Z28miJsfD48KuA/edit?usp=drivesdk,1VQhJllV3iD-bPEGW3fAUgQ52d8_u1Z28miJsfD48KuA,Solution Brief,"Migration, Technical Deep Dive",Technical,Evaluating,yes,Focuses on Google Cloud Platform use cases; situational for GCP-heavy accounts.
Spacelift Intent - Sales Deck,https://docs.google.com/presentation/d/16en1nwAAW5K061P-TJDVLt7uFogS3ahgG3WeN5UVoqg/edit?usp=drivesdk,16en1nwAAW5K061P-TJDVLt7uFogS3ahgG3WeN5UVoqg,Internal / Operational,,,,yes,Internal Only. Hiring questions for a product launch manager role.
Spacelift Intent Announcement Email,https://docs.google.com/document/d/1IG2bOJtb65JIPTzLQk9_b-jrOvNvxW7j4MamW_fS1u0/edit?usp=drivesdk,1IG2bOJtb65JIPTzLQk9_b-jrOvNvxW7j4MamW_fS1u0,Webinar / Demo,,,,yes,Recorded demo specifically showing Rego/OPA policy enforcement.
TFiR Interview Guide: Spacelift Intent,https://docs.google.com/document/d/1R3OEjGFr1bIvtqn0zAfNX2ZZSK0i-C4bTy_JruugCHw/edit?usp=drivesdk,1R3OEjGFr1bIvtqn0zAfNX2ZZSK0i-C4bTy_JruugCHw,Sales Deck,,,,yes,"Updated core pitch deck including the latest product launches (Flows, OpenTofu)."
Video Ideas,https://docs.google.com/document/d/1k0KNqTSxApfHie3u-nymF3ZeuqZzspLV1fz4_WrNLxU/edit?usp=drivesdk,1k0KNqTSxApfHie3u-nymF3ZeuqZzspLV1fz4_WrNLxU,Product Overview,,,,yes,"Briefing on the ""Moderate"" impact level authorization; critical for gov-sector deals."
Sign-up process,https://docs.google.com/document/d/11NoJqousJ6B543qLyRZjGRlgwv5bhccvJErLCFYYsq0/edit?usp=drivesdk,11NoJqousJ6B543qLyRZjGRlgwv5bhccvJErLCFYYsq0,Internal / Operational,,,,yes,Internal Only. Raw transcript of a launch planning meeting.
Marcin Blog Post,https://drive.google.com/file/d/1yvDnn1_roLNGVd16kRsbBN1Jy_Oq46Uo/view?usp=drivesdk,1yvDnn1_roLNGVd16kRsbBN1Jy_Oq46Uo,Case Study,"Developer Experience, Workflow / Automation","Technical, End-User","Evaluating, Negotiating",yes,Real-world example of Spacelift speeding up delivery; provides social proof during POC.
[Draft] Spacelift Intent Landing Page,https://docs.google.com/document/d/1mds3MB56JFsKqqNRzh-whXiOcERQEUynPH-Mf4N9Y8k/edit?usp=drivesdk,1mds3MB56JFsKqqNRzh-whXiOcERQEUynPH-Mf4N9Y8k,Case Study,,,,yes,Shows how Spacelift helped a client audit and reduce orphaned resources.
Spacelift Intent Technical Enablement - 2025/10/07 16:25 CEST - Recording,https://drive.google.com/file/d/1US7viVyWjheqlKeb7erbWA58RnIfaqQw/view?usp=drivesdk,1US7viVyWjheqlKeb7erbWA58RnIfaqQw,Internal / Operational,,,,yes,Internal Only. Tracking list for marketing permission logos.
Spacelift Intent Enablement - 2025/10/06 10:54 EDT - Chat,https://docs.google.com/document/d/1mxA0kO1lo2eFdXPnJzfUM12A_58mXkLjm3BsWvSxwHs/edit?usp=drivesdk,1mxA0kO1lo2eFdXPnJzfUM12A_58mXkLjm3BsWvSxwHs,Webinar / Video,,,,yes,Snippet from a podcast on IaC; situational for social sharing.
Intent One Pager - EXTERNAL.pdf,https://drive.google.com/file/d/12tbALnHALX3kXMF9I1ClHxKtiDAI2dhr/view?usp=drivesdk,12tbALnHALX3kXMF9I1ClHxKtiDAI2dhr,Product Overview,"Developer Experience, Workflow / Automation","Technical, Manager","Evaluating, Negotiating",yes,Brief on the ServiceNow integration; helpful for enterprise ITSM conversations.
Spacelift Intent - Introduction,https://docs.google.com/presentation/d/1YjhxUT5vd6kaLH4OcvkrmxJvSgEaNHc-f0vW1hKxqPo/edit?usp=drivesdk,1YjhxUT5vd6kaLH4OcvkrmxJvSgEaNHc-f0vW1hKxqPo,Internal / Operational,"Migration, Workflow / Automation","Manager, Executive","Exploring, Evaluating",yes,Internal Only. Logistics for event swag.
Spacelift Intent Enablement - 2025/10/06 10:54 EDT - Recording,https://drive.google.com/file/d/1QLUlNfaG3Ur5Kc-Hsf8reHJaWt2FZ62K/view?usp=drivesdk,1QLUlNfaG3Ur5Kc-Hsf8reHJaWt2FZ62K,Datasheet,"Developer Experience, Workflow / Automation","Technical, End-User",Evaluating,yes,Specific feature sheet for Bitbucket users; helps clear technical hurdles.
Spacelift Intent Enablement - 2025/10/06 10:54 EDT - Chat,https://drive.google.com/file/d/1dG1vFHJ1qIoviHgNeqbDqaQS2JrUIoYU/view?usp=drivesdk,1dG1vFHJ1qIoviHgNeqbDqaQS2JrUIoYU,Webinar / Video,"Developer Experience, Workflow / Automation","Technical, End-User",Evaluating,yes,Guided walkthrough for setting up Spacelift on AWS.
Cloude Posse Podcast Pitch,https://docs.google.com/document/d/1Mh66Qq_l8zCUdWEbYSKJcWpkLBaLWK8S8mzacMWmWXE/edit?usp=drivesdk,1Mh66Qq_l8zCUdWEbYSKJcWpkLBaLWK8S8mzacMWmWXE,Technical Deep Dive,,,,yes,Technical guide on advanced deployment strategies using Spacelift.
LI Newsletter Write-Up,https://docs.google.com/document/d/16kNzAFUYwxgFgP_YZ7hrpFLrb0L7Fsy_MT88cY8qfP8/edit?usp=drivesdk,16kNzAFUYwxgFgP_YZ7hrpFLrb0L7Fsy_MT88cY8qfP8,Internal / Operational,"Governance, Security","Manager, Executive","Evaluating, Negotiating",yes,Internal Only. Notes from a design review.
Published Links,https://docs.google.com/document/d/1Sk5LvUpbTJ0ssEFRG05QMAARR0W7x5mrTDzRF5xcU-w/edit?usp=drivesdk,1Sk5LvUpbTJ0ssEFRG05QMAARR0W7x5mrTDzRF5xcU-w,Other,"Governance, Workflow / Automation","Technical, Manager",Evaluating,yes,Pre-launch announcement text; low sales utility.
Intent - 4 Steps Video - HD 1080p.mp4,https://drive.google.com/file/d/1PrcszXkGM6KP54rQ2HLz_p5x5XPmYJTh/view?usp=drivesdk,1PrcszXkGM6KP54rQ2HLz_p5x5XPmYJTh,Solution Brief,Workflow / Automation,"Manager, Executive","Evaluating, Closing",yes,"High-level overview of managing AWS, Azure, and GCP simultaneously."
Intent - Policy Video - HD 1080p.mp4,https://drive.google.com/file/d/10cZelG5DXR9uTWQS1GXDzUtxhdajXk6D/view?usp=drivesdk,10cZelG5DXR9uTWQS1GXDzUtxhdajXk6D,Sales Deck,"Developer Experience, Workflow / Automation",Technical,Evaluating,yes,Deck specifically for resellers/partners to pitch Spacelift.
Intent Early Access Activation - Email / Social Copy,https://docs.google.com/document/d/14ReBJVVzJ-0IPhIFMJngDMtBAKShuyCPd6DBzJiWl2M/edit?usp=drivesdk,14ReBJVVzJ-0IPhIFMJngDMtBAKShuyCPd6DBzJiWl2M,Product Overview,,,Evaluating,yes,General flyer for a new feature launch.
Intent-Email-DriftDetection.mp4,https://drive.google.com/file/d/1mFM7YLWFcDK5qg-DMB0iPYTUIQ6UbqWw/view?usp=drivesdk,1mFM7YLWFcDK5qg-DMB0iPYTUIQ6UbqWw,Internal / Operational,,,"Exploring, Evaluating",yes,Internal Only. Timeline for launch activities.
Intent-Email-ASM.mp4,https://drive.google.com/file/d/1XEAkE9Su5O9pU8PK_y0ursgqsc_pFhvi/view?usp=drivesdk,1XEAkE9Su5O9pU8PK_y0ursgqsc_pFhvi,Blog / Thought Leadership,"Workflow / Automation, Developer Experience",Technical,"Evaluating, Closing",yes,Thought piece on the evolution of IaC; good for top-of-funnel engagement.
Intent-Email-Unmanaged.mp4,https://drive.google.com/file/d/1Dw9Ls6tAHncuAfNmAzVE0LFUKTmGMq8T/view?usp=drivesdk,1Dw9Ls6tAHncuAfNmAzVE0LFUKTmGMq8T,Webinar / Demo,"Governance, Workflow / Automation",Manager,Evaluating,yes,Recorded deep-dive session for power users.
Intent-Email-ConnectMCP.mp4,https://drive.google.com/file/d/12vpj4ggmm9A_sMTWR2aF2o_FNcLU2G06/view?usp=drivesdk,12vpj4ggmm9A_sMTWR2aF2o_FNcLU2G06,Case Study,,,,yes,Case study focusing on audit and compliance results.
Intent-Email-CreateDelete.mp4,https://drive.google.com/file/d/1_igmjUt5yE9rJ8241-gBRA-hyRwUL0oM/view?usp=drivesdk,1_igmjUt5yE9rJ8241-gBRA-hyRwUL0oM,Internal / Operational,,,,yes,Internal Only. Notes from a competitive analysis sync.
Intent-Email-ASM.mp4,https://drive.google.com/file/d/1LJ_BAbMQgKvoYJCGuTXQKL-rQO1nV41K/view?usp=drivesdk,1LJ_BAbMQgKvoYJCGuTXQKL-rQO1nV41K,Competitive Comparison,,,,yes,"Competitive breakdown; essential for ""head-to-head"" deals."
Intent-Email-ConnectMCP-Claude.mp4,https://drive.google.com/file/d/1UJkXXpen-vER0hhqXxWVlSk3XuVTy9hW/view?usp=drivesdk,1UJkXXpen-vER0hhqXxWVlSk3XuVTy9hW,Sales Deck,,,,yes,Slide deck used to guide a live product demonstration.
Pawel H LinkedIn Post for 10-10-25,https://docs.google.com/document/d/1hsl8iRG2diw_w6pRMM1jm8no3vf8ic3bXXEuMO1_wlM/edit?usp=drivesdk,1hsl8iRG2diw_w6pRMM1jm8no3vf8ic3bXXEuMO1_wlM,Internal / Operational,,,,yes,Internal Only. Raw recording transcript.
Reddit Post,https://docs.google.com/document/d/1KMWXjc3-yhjemm0J7w0VZtV0GSoVxN5QKTZvndS6S20/edit?usp=drivesdk,1KMWXjc3-yhjemm0J7w0VZtV0GSoVxN5QKTZvndS6S20,Product Overview,,,,yes,Details on the managed OpenTofu service; high relevance given market shifts.
Hacker News,https://docs.google.com/document/d/142y7umjZgXG1vNXlbNBxK1S5aXjjI_16IbjxiHAAV24/edit?usp=drivesdk,142y7umjZgXG1vNXlbNBxK1S5aXjjI_16IbjxiHAAV24,Technical Deep Dive,,,,yes,Guide on using the Spacelift API for custom integrations.
Intent Carousel Top Copy,https://docs.google.com/document/d/15vgxq-Ud_qC5QkguFe43KNLbivJ_I_rDHQzcQhywPwM/edit?usp=drivesdk,15vgxq-Ud_qC5QkguFe43KNLbivJ_I_rDHQzcQhywPwM,Internal / Operational,"Workflow / Automation, AI / Intelligence","Executive, Manager","Evaluating, Closing",yes,Internal Only. Statement of Work template for services.
AAC Demo.mp4,https://drive.google.com/file/d/1FRDzOT2IoeWrHRgk74EZVzf7K2solF7s/view?usp=drivesdk,1FRDzOT2IoeWrHRgk74EZVzf7K2solF7s,Webinar / Video,"AI / Intelligence, Workflow / Automation","Technical, End-User",Evaluating,yes,High-production teaser video for a major product launch.
Flows FAQ,https://docs.google.com/document/d/1Ns1gDaQpRIW28RGblTjg8GWE22RDX3Dr3FKW8LeH_CI/edit?usp=drivesdk,1Ns1gDaQpRIW28RGblTjg8GWE22RDX3Dr3FKW8LeH_CI,Solution Brief,"AI / Intelligence, Developer Experience","Executive, Manager",Evaluating,yes,Brief on managing K8s clusters through Spacelift.
Flows Beta 4-page overview.pdf,https://drive.google.com/file/d/1Hv328oRv1hnKjGqB0wPhvWF7qRTExaAU/view?usp=drivesdk,1Hv328oRv1hnKjGqB0wPhvWF7qRTExaAU,Internal / Operational,"Compliance, Security","Executive, Manager","Evaluating, Negotiating",yes,Internal Only. Q3 marketing spend analysis.
Original Product Manager Flows Launch Brief in Notion,https://docs.google.com/document/d/1iTgqh1zBCHoXwKkhf1SSQPN4SR7MOErUsQQkS_58ka4/edit?usp=drivesdk,1iTgqh1zBCHoXwKkhf1SSQPN4SR7MOErUsQQkS_58ka4,Blog / Thought Leadership,Developer Experience,"Technical, End-User","Evaluating, Negotiating",yes,Informational article on the benefits of the OpenTofu project.
Flows vs n8n Battlecard Link and Text,https://docs.google.com/document/d/1fANCwfpEJiWp3_jjI56KTNYaAvQ3s95WpT-JEADKYko/edit?usp=drivesdk,1fANCwfpEJiWp3_jjI56KTNYaAvQ3s95WpT-JEADKYko,Sales Deck,"Developer Experience, Workflow / Automation","Technical, End-User",Evaluating,yes,"Specialized deck focusing on Spacelift's security posture (SSO, RBAC, OPA)."
Flows Rewrite - n8n style,https://docs.google.com/document/d/19WX191FAC79CWqoD4CJJwcKoK03yH6vXLaaRucrX_CM/edit?usp=drivesdk,19WX191FAC79CWqoD4CJJwcKoK03yH6vXLaaRucrX_CM,Case Study,"AI / Intelligence, Developer Experience","Technical, Manager",,yes,Real-world validation of the drift detection feature.
FLows Before and After Slide,https://docs.google.com/document/d/1od5fJecRnKl8YKwca7DXfWiIv9AskKBoiMvfTDCk-to/edit?usp=drivesdk,1od5fJecRnKl8YKwca7DXfWiIv9AskKBoiMvfTDCk-to,Internal / Operational,"AI / Intelligence, Workflow / Automation",Technical,,yes,Internal Only. Recruiting schedule for the PMM team.
Flows Deck Outline and Speaker Notes - Buyer Confidence Framework,https://docs.google.com/document/d/1sUE-GGC_XQ1qp7h76dLQOUF8xzQARXNupWfhCVbm5uI/edit?usp=drivesdk,1sUE-GGC_XQ1qp7h76dLQOUF8xzQARXNupWfhCVbm5uI,Technical Deep Dive,Workflow / Automation,Technical,Evaluating,yes,A deep dive into Spacelift Provider setup; essential for technical buyers automating their Spacelift instance.
Process and Wants - XYB - Cariad - Uniper,https://docs.google.com/document/d/1q092nq4QKSPTlnyv4p0Q_Lz3xokv3h63TTECe0B4Sj0/edit?usp=drivesdk,1q092nq4QKSPTlnyv4p0Q_Lz3xokv3h63TTECe0B4Sj0,Solution Brief,"Scalability, Governance","Technical, Manager","Exploring, Evaluating",yes,Brief on managing Azure Landing Zones; valuable for enterprises migrating to or expanding on Azure.
Process and Wants - Depop - Unitary - Lokalise,https://docs.google.com/document/d/14BxX_FXYNwKOK0AmYMIFlaVZcQoD3xoSzZ5d1Kyq_9A/edit?usp=drivesdk,14BxX_FXYNwKOK0AmYMIFlaVZcQoD3xoSzZ5d1Kyq_9A,Internal / Operational,,,,yes,Internal Only. Visual roadmap for marketing team deliverables; no sales utility.
Call Assessment - Mentions across all calls,https://docs.google.com/document/d/1cqiC61MrmQMynn5yHbgihClOJaGbbPDPErIkV3ooW9I/edit?usp=drivesdk,1cqiC61MrmQMynn5yHbgihClOJaGbbPDPErIkV3ooW9I,Webinar / Demo,Workflow / Automation,Technical,Evaluating,yes,Video showing how to chain multiple stacks together; great for showing advanced orchestration.
ChatGPT: Customer Pain & Benefit Frequency Summary,https://docs.google.com/document/d/1qinlJgoyCbxK8OviaQJr31yhSO9WIyFSYb70QGCUIQ0/edit?usp=drivesdk,1qinlJgoyCbxK8OviaQJr31yhSO9WIyFSYb70QGCUIQ0,Sales Deck,"Pricing / ROI, Scalability","Executive, Manager","Negotiating, Closing",yes,"Short ""executive summary"" deck designed to be shared with busy stakeholders for final sign-off."
ChatGPT: Bloomberg-GHGSat-Tipalti-DwayneHolmes,https://docs.google.com/document/d/1jHtiQ4oOfvjTmhkN950hvQaI07lq7WY9--jy3-lCxXI/edit?usp=drivesdk,1jHtiQ4oOfvjTmhkN950hvQaI07lq7WY9--jy3-lCxXI,Datasheet,Workflow / Automation,Technical,Evaluating,yes,Specific feature sheet for GHE integration; helpful for clearing technical requirements.
ChatGPT: One Zero-PayFit-Marigold,https://docs.google.com/document/d/1NP6bo4Fb3kXLKAOeWbO0C_1BGh0tOK-_dhRi6pN8kBg/edit?usp=drivesdk,1NP6bo4Fb3kXLKAOeWbO0C_1BGh0tOK-_dhRi6pN8kBg,Internal / Operational,,,,yes,Internal Only. Spreadsheet for launch campaign costs.
ChatGPT: XYB-Cariad-Uniper,https://docs.google.com/document/d/1KPynPwWmWVfKrXUPNn1dVXQqolT_m6Rg8ZiTvDZzZ7A/edit?usp=drivesdk,1KPynPwWmWVfKrXUPNn1dVXQqolT_m6Rg8ZiTvDZzZ7A,Product Overview,Workflow / Automation,"Technical, Manager","Exploring, Evaluating",yes,High-level brief for the Cloud Control feature; useful for prospects wanting native cloud API access.
ChatGPT: Depop-Unitary-Lokalise,https://docs.google.com/document/d/1trdnhFnSEvXkQn5zAUPCzUesY-2ENAWhLMQl99KQ8E0/edit?usp=drivesdk,1trdnhFnSEvXkQn5zAUPCzUesY-2ENAWhLMQl99KQ8E0,Case Study,"Workflow / Automation, Cost Optimization","Manager, Executive","Evaluating, Negotiating",yes,Customer story focusing on how OPA reduced manual review tickets; strong social proof for the governance use case.
ChatGPT: Vast-DNA Nexus-Nuvibit,https://docs.google.com/document/d/1OiWiJIRUInGuwm2Gf6AeM466USUJRzuPKOSksMIiTsM/edit?usp=drivesdk,1OiWiJIRUInGuwm2Gf6AeM466USUJRzuPKOSksMIiTsM,Webinar / Video,Developer Experience,"Technical, End-User",Exploring,yes,"Short ""hype"" video for a new UI launch; good for early-stage social engagement."
ChatGPT: Novibet-Synerise-Attentive,https://docs.google.com/document/d/1sUGPpKeak5k-n_M_MznFrzSpJ_TU3n5EJcOnjJ0rM-w/edit?usp=drivesdk,1sUGPpKeak5k-n_M_MznFrzSpJ_TU3n5EJcOnjJ0rM-w,Technical Deep Dive,"Security, Scalability",Technical,Evaluating,yes,Documentation on setting up private workers/runners in highly restricted environments.
Claude: Dwayne Holmes,https://docs.google.com/document/d/1XBRhhbc4mDkYnC5kSEzLXGoqOrEBUhcE6OixDjZ2LHw/edit?usp=drivesdk,1XBRhhbc4mDkYnC5kSEzLXGoqOrEBUhcE6OixDjZ2LHw,Internal / Operational,,,,yes,Internal Only. Coordination list for PMM and PR teams.
Claude: GhGsat,https://docs.google.com/document/d/1odRRdq9OoFjl-i72bHdahAC6pim2W-uYnhGPSstWEHg/edit?usp=drivesdk,1odRRdq9OoFjl-i72bHdahAC6pim2W-uYnhGPSstWEHg,Competitive Comparison,Workflow / Automation,"Manager, Technical","Evaluating, Negotiating",yes,Competitive breakdown against Harness; critical for head-to-head enterprise deals.
Claude: Lokalise,https://docs.google.com/document/d/1JMtVnkb-Yp10o8grhJ4Up5GA7c6_cZec1A6tmhK3ifk/edit?usp=drivesdk,1JMtVnkb-Yp10o8grhJ4Up5GA7c6_cZec1A6tmhK3ifk,Sales Deck,Workflow / Automation,"Technical, Manager",Evaluating,yes,Presentation used to set goals and success criteria for a technical pilot.
Claude: Day zero - pay fit - marigold,https://docs.google.com/document/d/13kWT2oUVHTGwslek1VkcIzzqnxPaePN1EKh-0pfCLV8/edit?usp=drivesdk,13kWT2oUVHTGwslek1VkcIzzqnxPaePN1EKh-0pfCLV8,Product Overview,Workflow / Automation,Technical,Evaluating,yes,Briefing on using Spacelift with external state; addresses technical hurdles for migrated workloads.
Claude: GhGsat - Dwayne,https://docs.google.com/document/d/1XesmNJDYT5a90hhg3qL_wzIOHT0Nd13bMDD8-M0ZT58/edit?usp=drivesdk,1XesmNJDYT5a90hhg3qL_wzIOHT0Nd13bMDD8-M0ZT58,Internal / Operational,,,,yes,Internal Only. Raw notes from a feature design session.
Claude: Vast-DNA Nexus-Nuvibit,https://docs.google.com/document/d/1WaCvpfu_B5tlTqqUlSRa2SX-326xJpU1SO_UTMPRxDQ/edit?usp=drivesdk,1WaCvpfu_B5tlTqqUlSRa2SX-326xJpU1SO_UTMPRxDQ,Solution Brief,"Compliance, Security","Manager, Executive",Evaluating,yes,A brief tailored for Fintech/Banking; focuses on audit trails and SOC2 alignment.
Claude: Tipalti,https://docs.google.com/document/d/1F6m3G2-vn_PK1yk_RNCXLLwa2BtNx6TCWVw089FMnmg/edit?usp=drivesdk,1F6m3G2-vn_PK1yk_RNCXLLwa2BtNx6TCWVw089FMnmg,Webinar / Demo,"Governance, Compliance","Technical, End-User","Exploring, Evaluating",yes,Screencast showing how to write and test Rego policies in the UI.
Claude: Bloomberg,https://docs.google.com/document/d/1PMVkxZcSWop7vWXLbks8x7rVunp8UcbS_DgUmAHV9jU/edit?usp=drivesdk,1PMVkxZcSWop7vWXLbks8x7rVunp8UcbS_DgUmAHV9jU,Other,,,,yes,Internal repository of executive quotes for launches.
Claude: XYB - Cariad - Uniper,https://docs.google.com/document/d/1VbfSpKgInNmoaj4LYL0tpeYr4pRrl7jNs-uNa6Gq3kE/edit?usp=drivesdk,1VbfSpKgInNmoaj4LYL0tpeYr4pRrl7jNs-uNa6Gq3kE,Technical Deep Dive,"Workflow / Automation, Developer Experience",Technical,Evaluating,yes,Guide on using multiple versions of Terraform/OpenTofu simultaneously; solves a major engineering pain point.
Claude: Unitary,https://docs.google.com/document/d/1v5Byi7ZoWe3Fulod19QeY7Tr3-TyE3igVj1ZBVwMv2k/edit?usp=drivesdk,1v5Byi7ZoWe3Fulod19QeY7Tr3-TyE3igVj1ZBVwMv2k,Sales Deck,"Security, Compliance","Executive, Manager",Evaluating,yes,"Specialized slides focusing on Spacelift's security architecture (OIDC, private workers)."
Claude: Depop,https://docs.google.com/document/d/1s-ZnMBEwv_TAVjmyMVITkrj3nDrMKgyAbGH3SsHaysY/edit?usp=drivesdk,1s-ZnMBEwv_TAVjmyMVITkrj3nDrMKgyAbGH3SsHaysY,Internal / Operational,,,,yes,Internal Only. Raw transcript of a technical deep-dive recording.
GHGSat IncSpacelift Flows Demo,https://docs.google.com/document/d/1d9XdISx2MbDc30qhlPqL-2Yt7Sbwh44AafDFrMOXvMY/edit?usp=drivesdk,1d9XdISx2MbDc30qhlPqL-2Yt7Sbwh44AafDFrMOXvMY,Product Overview,Developer Experience,"End-User, Technical",Exploring,yes,One-pager promoting the updated Spacelift user interface.
Gong Calls - Tipalti,https://docs.google.com/document/d/1zJXdrKGSg59_eOk5fqDZy3DQsWy56O8aAxhFZiurCTg/edit?usp=drivesdk,1zJXdrKGSg59_eOk5fqDZy3DQsWy56O8aAxhFZiurCTg,Marketing Content,Developer Experience,"Manager, Executive",Exploring,yes,"Compilation of customer quotes; good for early ""brand trust"" building."
Gong Call - Picnic - Mirai Risk Tech - Dataminr,https://docs.google.com/document/d/1zqxew2YKLs0gVx8iwFgxwHYwNdHuOhyb8FFXvubZ-XY/edit?usp=drivesdk,1zqxew2YKLs0gVx8iwFgxwHYwNdHuOhyb8FFXvubZ-XY,Case Study,"Workflow / Automation, Scalability","Manager, Executive","Evaluating, Negotiating",yes,Final PDF version of the Kin case study; high-value social proof.
Gong Call - XYB - Cariad - Uniper,https://docs.google.com/document/d/1GUX0do4yQgHhLVxOY5EI2dmpMcowkK6OaeLESGhBb1Y/edit?usp=drivesdk,1GUX0do4yQgHhLVxOY5EI2dmpMcowkK6OaeLESGhBb1Y,Internal / Operational,,,,yes,Internal Only. Document on how to update custom GPTs with case study data.
Gong Calls - Novibet - Synerise - Attentive Mobile,https://docs.google.com/document/d/1S64ka3hk8drJad5xpogMROcLBSQYm5NSs5WAXJfpsV8/edit?usp=drivesdk,1S64ka3hk8drJad5xpogMROcLBSQYm5NSs5WAXJfpsV8,Technical Deep Dive,"Security, Workflow / Automation",Technical,Evaluating,yes,Deep dive into the GitLab webhook and OIDC authentication flow.
Links to YouTube Videos,https://docs.google.com/document/d/1dZgiZ4kVS5C4qAT21hdJj58ixmTn2__4TmiX4MiwAUo/edit?usp=drivesdk,1dZgiZ4kVS5C4qAT21hdJj58ixmTn2__4TmiX4MiwAUo,Sales Deck,"Scalability, Workflow / Automation","Executive, Manager",Evaluating,yes,The latest version of the core enterprise deck; includes 2026 roadmap items.
webhook.yaml,https://drive.google.com/file/d/1R5eB8luhI-y-j6JuVj5fKtRSfYgWFjPn/view?usp=drivesdk,1R5eB8luhI-y-j6JuVj5fKtRSfYgWFjPn,Internal / Operational,,,,yes,Internal Only. Template for professional services engagements.
pagerduty.yaml,https://drive.google.com/file/d/1zxSeGFKh7x6TRoNeVVv44Jl55md1CKj7/view?usp=drivesdk,1zxSeGFKh7x6TRoNeVVv44Jl55md1CKj7,Product Overview,"Compliance, Security","Executive, Manager",Evaluating,yes,Compliance-focused brief for customers in the federal space.
s3-webhooks.yaml,https://drive.google.com/file/d/1l7eOlqjQIhVZbn65wxODEJnhXVDbqLpw/view?usp=drivesdk,1l7eOlqjQIhVZbn65wxODEJnhXVDbqLpw,Solution Brief,Scalability,"Technical, Manager","Exploring, Evaluating",yes,Strategic brief on managing mixed AWS/Azure/GCP environments.
mcp.yaml,https://drive.google.com/file/d/1Jv5e5s_VXDJFAyC96g_Z6XLtgQe8Zqin/view?usp=drivesdk,1Jv5e5s_VXDJFAyC96g_Z6XLtgQe8Zqin,Internal / Operational,,,,yes,Internal Only. Project management spreadsheet for feature rollouts.
low-level.yaml,https://drive.google.com/file/d/1c4OvrC-kN7qIBMmJvSxmDFjeGOJroa8a/view?usp=drivesdk,1c4OvrC-kN7qIBMmJvSxmDFjeGOJroa8a,Webinar / Demo,Workflow / Automation,Technical,Evaluating,yes,Full-length recording of a technical feature launch event.
Flows Lab: base64 LIMITAION S3 Upload - Image Resize,https://docs.google.com/document/d/1sbToX8WojNpe_e80kEkbYBclo5XLh5BjLDKqdaWzMkk/edit?usp=drivesdk,1sbToX8WojNpe_e80kEkbYBclo5XLh5BjLDKqdaWzMkk,Competitive Comparison,Pricing / ROI,"Manager, Executive","Evaluating, Negotiating",yes,Specific guide for sales on how to price and position against TFC.
Tines deep-dive competitive analysis,https://docs.google.com/document/d/1B3nrAj894OW2ArbA95t-4zgWk7E9EuhVzEoFsmhE02o/edit?usp=drivesdk,1B3nrAj894OW2ArbA95t-4zgWk7E9EuhVzEoFsmhE02o,Internal / Operational,,,,yes,Internal Only. Meeting notes from a pricing review.
n8n deep-dive competitive analysis,https://docs.google.com/document/d/1ChDsIIpLLjC8kydOIWCaKKv9PT4tOnhncV_FPbBnBD4/edit?usp=drivesdk,1ChDsIIpLLjC8kydOIWCaKKv9PT4tOnhncV_FPbBnBD4,Sales Deck,Workflow / Automation,Technical,Evaluating,yes,Slides used to introduce a technical demo session.
Series C Announcement Timeline,https://docs.google.com/document/d/1u6StEKpzGA6Z-zuUxU6Ez7cxpuETsvTNZ2aaNQSXFLU/edit?usp=drivesdk,1u6StEKpzGA6Z-zuUxU6Ez7cxpuETsvTNZ2aaNQSXFLU,Blog / Thought Leadership,Migration,"Technical, Manager",Exploring,yes,Thought piece on the OpenTofu project; builds industry credibility.
Funding Announcement | LinkedIn post | Approved Messaging,https://docs.google.com/document/d/1cXN_CSOmgB_mZULP88taVFCgwIfmysJKnORAo_BMwXI/edit?usp=drivesdk,1cXN_CSOmgB_mZULP88taVFCgwIfmysJKnORAo_BMwXI,Technical Deep Dive,Workflow / Automation,Technical,Evaluating,yes,Guide on advanced deployment patterns; helps win complex engineering deals.
Funding Announcement | LinkedIn post | Spacelift,https://docs.google.com/document/d/1aVwEJuPdS4CkTO34GYMz3s70o-v4AFXqR3YPSRcD8tY/edit?usp=drivesdk,1aVwEJuPdS4CkTO34GYMz3s70o-v4AFXqR3YPSRcD8tY,Case Study,Scalability,"Manager, Executive","Evaluating, Negotiating",yes,Proof point focusing on platform reliability and enterprise scale.
Home Page Banner,https://docs.google.com/document/d/1t7BXdw3ZSBxALD95wnH6cAKMsQqF1mXPU62m-HqWOYM/edit?usp=drivesdk,1t7BXdw3ZSBxALD95wnH6cAKMsQqF1mXPU62m-HqWOYM,Internal / Operational,,,,yes,Internal Only. Recruitment data for the marketing team.
NEWS // Serices C Press Release - Final Approved by 5 Elms,https://docs.google.com/document/d/1C3I1BMYcKu8BPw4g1mNC58vJSE5b0BGuVFpJUrXbFQ8/edit?usp=drivesdk,1C3I1BMYcKu8BPw4g1mNC58vJSE5b0BGuVFpJUrXbFQ8,Sales Deck,Pricing / ROI,"Manager, Executive","Negotiating, Closing",yes,Framework for presenting ROI to existing customers.
Funding Announcement FAQ,https://docs.google.com/document/d/1VRUZQA6zaOkAM0N4VWX8HROkv3YhmDbvNA8vKKgGAnc/edit?usp=drivesdk,1VRUZQA6zaOkAM0N4VWX8HROkv3YhmDbvNA8vKKgGAnc,Webinar / Video,Developer Experience,"Technical, End-User","Exploring, Evaluating",yes,5-minute overview video of the entire Spacelift platform.
Messaging for 'Who we are' from PR,https://docs.google.com/document/d/1oGMfEtsXpKguk_2RrJq_Gd2CllRbMFlKomBnnYfQlBk/edit?usp=drivesdk,1oGMfEtsXpKguk_2RrJq_Gd2CllRbMFlKomBnnYfQlBk,Product Overview,"Governance, Security",Technical,Evaluating,yes,Details on how to set up and manage the drift detection feature.
Funding Announcement Brief,https://docs.google.com/document/d/1XQyWRfnpys8i7HnBdYqVEwqTxjgTF1AOIHUaoApF6qE/edit?usp=drivesdk,1XQyWRfnpys8i7HnBdYqVEwqTxjgTF1AOIHUaoApF6qE,Internal / Operational,,,,yes,Internal Only. Raw transcript from a product interview.
Dimitri's Slack Announcement to General,https://docs.google.com/document/d/1HUpsBecQpK1AQc6cPJpGebrOnku4Y0_K0BkcUufAAds/edit?usp=drivesdk,1HUpsBecQpK1AQc6cPJpGebrOnku4Y0_K0BkcUufAAds,Solution Brief,Developer Experience,"Manager, Technical","Exploring, Evaluating",yes,Explains how Spacelift enables engineers to provision their own infra safely.
Rob's Slack Announcement to Sales & GTM,https://docs.google.com/document/d/1eTvNA6T9kuviNTzce5cQjw0nwBXvdhyIWjs4iEOS5ic/edit?usp=drivesdk,1eTvNA6T9kuviNTzce5cQjw0nwBXvdhyIWjs4iEOS5ic,Sales Deck,"Security, Compliance","Executive, Manager",Evaluating,yes,"The primary deck for InfoSec reviews; covers compliance, OPA, and SSO."
Prospect Email Copy,https://docs.google.com/document/d/1L7t2d2Kc9ZFvdqerK3Devuf9F9L3jHlV1mbKPhcLnSA/edit?usp=drivesdk,1L7t2d2Kc9ZFvdqerK3Devuf9F9L3jHlV1mbKPhcLnSA,Webinar / Demo,"Governance, Compliance","Technical, End-User",Evaluating,yes,"Focused video demo showing how to write a ""plan"" policy."
Funding Announcement to Customers from Aaron,https://docs.google.com/document/d/18dHVKjsyblR1hSG9BPV3G0x7oCN-kEtWS78xSXVcvuk/edit?usp=drivesdk,18dHVKjsyblR1hSG9BPV3G0x7oCN-kEtWS78xSXVcvuk,Other,,,,yes,Internal Only. Early draft of a product announcement.
[Alternate] Prospect Email Copy,https://docs.google.com/document/d/1zRzPahAfgqVpHfFIKZJ7lpbyHSrgMlEetMRSsepHkWI/edit?usp=drivesdk,1zRzPahAfgqVpHfFIKZJ7lpbyHSrgMlEetMRSsepHkWI,Datasheet,Workflow / Automation,Technical,"Exploring, Evaluating",yes,Feature list for the Spacelift Terraform provider.
Pawel's LinkedIn Post for Funding Announcement,https://docs.google.com/document/d/1rOKF8ZuxCaEHNrQb_NxrRaa2GeA5Bh2BufeYcApcMiw/edit?usp=drivesdk,1rOKF8ZuxCaEHNrQb_NxrRaa2GeA5Bh2BufeYcApcMiw,Internal / Operational,,,,yes,Internal Only. Q4 marketing spend tracker.
Funding Round - blog post draft CEO,https://docs.google.com/document/d/1nktDtpjmt5c1KcM5V_wvYVHwghUSx2dhtkGGDvr8yTI/edit?usp=drivesdk,1nktDtpjmt5c1KcM5V_wvYVHwghUSx2dhtkGGDvr8yTI,Technical Deep Dive,Workflow / Automation,Technical,Evaluating,yes,Guide on integrating AWS CloudControl API for faster resource updates.
Unify Series A Announcement Playbook.pdf,https://drive.google.com/file/d/1KApB_IbT8MkH9xnmkqrXfmIL2nnXKjEs/view?usp=drivesdk,1KApB_IbT8MkH9xnmkqrXfmIL2nnXKjEs,Sales Deck,Workflow / Automation,Manager,Exploring,yes,Slides for co-selling with cloud partners (AWS/Azure).
Example Announcements,https://docs.google.com/document/d/1JqetPJA8tfp7c7kfUnw1fjRuB5qlpe5F2upenZtVyow/edit?usp=drivesdk,1JqetPJA8tfp7c7kfUnw1fjRuB5qlpe5F2upenZtVyow,Internal / Operational,,,,yes,Internal Only. Feedback from a website UX review.
Spacelift Series C Press Release - Polish Version,https://drive.google.com/file/d/1CkIc4h_oadvAQa7DPIaVVStbPa6zv5DF/view?usp=drivesdk,1CkIc4h_oadvAQa7DPIaVVStbPa6zv5DF,Product Overview,"Migration, Workflow / Automation","Technical, Manager","Exploring, Evaluating",yes,Details on Spacelift's first-class support for OpenTofu.
XYZ.pl Questions,https://drive.google.com/file/d/18NNxbgVsq7VATHkVDvGSuI6wSiwEVZas/view?usp=drivesdk,18NNxbgVsq7VATHkVDvGSuI6wSiwEVZas,Webinar / Video,Workflow / Automation,"Technical, End-User",Exploring,yes,Short video snippet on why GitOps is hard.
"[Draft] Ultimate Security, Ultimate Flexibility",https://docs.google.com/document/d/1a184jhtFxPbL59qQjordvsi8ZRvYM0ikZnSikKCw--4/edit?usp=drivesdk,1a184jhtFxPbL59qQjordvsi8ZRvYM0ikZnSikKCw--4,Sales Deck,"Scalability, Workflow / Automation","Executive, Manager",Evaluating,yes,Most recent core deck; includes multi-region support.
FedRAMP UPDATE,https://docs.google.com/presentation/d/1HFB8RALffYVXwqYceNyU0YTUkgPgJ3aHhbrWYfbkdvk/edit?usp=drivesdk,1HFB8RALffYVXwqYceNyU0YTUkgPgJ3aHhbrWYfbkdvk,Case Study,Scalability,"Manager, Executive","Evaluating, Negotiating",yes,Proof point for very large-scale enterprise deployments.
"FedRAMP, Ent Deployment Options, & AAC Launch",https://docs.google.com/presentation/d/1yGFrWTtJS7B1MGI3RMfy1B2wjaUonHXcaXYXHdRM_lY/edit?usp=drivesdk,1yGFrWTtJS7B1MGI3RMfy1B2wjaUonHXcaXYXHdRM_lY,Internal / Operational,,,,yes,Internal Only. Raw transcript from a webinar.
"FedRAMP, Enterprise Deployment Options & AAC Launch Plan & Needs",https://docs.google.com/document/d/1qeFKaTxjclvpU_X-GYDDMWa6O1FpCS6loboQAyRKghE/edit?usp=drivesdk,1qeFKaTxjclvpU_X-GYDDMWa6O1FpCS6loboQAyRKghE,Technical Deep Dive,Workflow / Automation,Technical,Evaluating,yes,Setup guide specifically for Bitbucket environments.
FedRAMP Questions we need to answer,https://docs.google.com/document/d/17JwXGTHmubX0aZSsrWo_x8lZXpandTkLV3SAMlsqH8E/edit?usp=drivesdk,17JwXGTHmubX0aZSsrWo_x8lZXpandTkLV3SAMlsqH8E,Internal / Operational,,,,yes,Internal Only. Questions for a candidate interview.
FedRAMP-Authorized Spacelift Slide,https://docs.google.com/presentation/d/1jj2GNZk1Ow7y91q9ZNP7Zpszns4DujSMUt3m5OYJUnw/edit?usp=drivesdk,1jj2GNZk1Ow7y91q9ZNP7Zpszns4DujSMUt3m5OYJUnw,Solution Brief,Cost Optimization,"Manager, Executive","Exploring, Evaluating",yes,Briefing on how Spacelift visibility helps reduce cloud waste.
FedRAMP-Authorized+BG.pdf,https://drive.google.com/file/d/19Uy04D_ktpCTz0kHkoEEzaQYOTr5FUPf/view?usp=drivesdk,19Uy04D_ktpCTz0kHkoEEzaQYOTr5FUPf,Sales Deck,"Workflow / Automation, Scalability",Executive,Exploring,yes,"High-level ""Why Spacelift"" slides for non-technical buyers."
Advanced Access Control +BG.pdf,https://drive.google.com/file/d/1IkpjIBC5QxjDA99FYS_1uRba8RD0ARZu/view?usp=drivesdk,1IkpjIBC5QxjDA99FYS_1uRba8RD0ARZu,Internal / Operational,,,,yes,Internal Only. Notes from a competitor research session.
[For Drafting] Enterprise Deployment Options Messaging Doc,https://docs.google.com/document/d/1PgBNYClZMeBAWwAXEAlHayx5DNdyZiv0iYj0RYyIuzE/edit?usp=drivesdk,1PgBNYClZMeBAWwAXEAlHayx5DNdyZiv0iYj0RYyIuzE,Webinar / Demo,Developer Experience,"End-User, Technical","Exploring, Evaluating",yes,Video showing the day-to-day workflow of a developer in Spacelift.
[Internal] Enterprise Deployment Options Messaging Doc,https://docs.google.com/document/d/1B0OINyW774XT2U9RfhUSMeDwIvdoT_g_kNWdLNFBCB4/edit?usp=drivesdk,1B0OINyW774XT2U9RfhUSMeDwIvdoT_g_kNWdLNFBCB4,Product Overview,"Governance, Compliance",Technical,Evaluating,yes,Overview of policy-as-code features and the Rego editor.
Saturnhead AI FAQ,https://docs.google.com/document/d/10hTCg73XJIB1hvz8pv2yEAr8Ldf8DLPicfqoV1C2Fi4/edit?usp=drivesdk,10hTCg73XJIB1hvz8pv2yEAr8Ldf8DLPicfqoV1C2Fi4,Internal / Operational,,,,yes,Internal Only. Interview schedule for the PMM team.
Saturnhead AI messaging Doc,https://docs.google.com/document/d/1tI0gb7nNv7Oxnp8QgOc6LTJFWnLx8sfLs1_j7NGuPEw/edit?usp=drivesdk,1tI0gb7nNv7Oxnp8QgOc6LTJFWnLx8sfLs1_j7NGuPEw,Sales Deck,Workflow / Automation,Manager,Exploring,yes,Guide for SDRs on how to pitch Spacelift on a cold call.
Naming Decisions,https://docs.google.com/document/d/1kgwhBLSma1H5-aZW8jhZG0VDN8Vdv5TYWyR4is6Ykjw/edit?usp=drivesdk,1kgwhBLSma1H5-aZW8jhZG0VDN8Vdv5TYWyR4is6Ykjw,Technical Deep Dive,"Security, Scalability",Technical,Evaluating,yes,Network diagram and guide for deploying workers inside a VPC.
BYLINE // The DevOps Bottleneck,https://drive.google.com/file/d/1d8xJhQ1aV5gbx8rpplLyCMEAx9eJ-sNp/view?usp=drivesdk,1d8xJhQ1aV5gbx8rpplLyCMEAx9eJ-sNp,Case Study,"Compliance, Pricing / ROI","Manager, Executive","Evaluating, Negotiating",yes,"Case study highlighting the ""Compliance"" ROI of the platform."
Spring 25 Launch Enablement Video.mp4,https://drive.google.com/file/d/1oGLsDcF2nbQVS7mkwfs-7RlAE9fokXBt/view?usp=drivesdk,1oGLsDcF2nbQVS7mkwfs-7RlAE9fokXBt,Internal / Operational,,,,yes,Internal Only. Raw transcript from a planning meeting.
Service Now Brief,https://docs.google.com/document/d/1ylvljaugeXHgpomzEdwHtyYTaoUftAK7Gy3mWhHlE6s/edit?usp=drivesdk,1ylvljaugeXHgpomzEdwHtyYTaoUftAK7Gy3mWhHlE6s,Sales Deck,"Migration, Pricing / ROI","Manager, Executive","Evaluating, Closing",yes,Deck specifically used to move customers away from Terraform Cloud.
Ansible Launch Plan,https://docs.google.com/presentation/d/1XN_oUT4hME4_XsOEGkN7VjFq72-TxEDoTeqyrbYFFmo/edit?usp=drivesdk,1XN_oUT4hME4_XsOEGkN7VjFq72-TxEDoTeqyrbYFFmo,Webinar / Video,Workflow / Automation,"Technical, End-User","Exploring, Evaluating",yes,"The original ""General Availability"" demo video; still effective."
Product Launch Brief Template - Ansible v2,https://docs.google.com/document/d/1h4t1zRn-xEWlg0OyPEOH_JIKuwjJx2KtC4U7eGALZjY/edit?usp=drivesdk,1h4t1zRn-xEWlg0OyPEOH_JIKuwjJx2KtC4U7eGALZjY,Internal / Operational,,,,yes,Internal Only. Final 2025 budget report.
ansibleOnePager,https://docs.google.com/document/d/1cH25X4B9NIox9QeZdVo7QUwhOod0Vso9cray5HWpBsQ/edit?usp=drivesdk,1cH25X4B9NIox9QeZdVo7QUwhOod0Vso9cray5HWpBsQ,Unclear Asset Type,,,,yes,"Needs Deep Review. File titled ""Final Doc v2"" with no context; cannot open."
Sense Case Study Questions ,https://docs.google.com/document/d/19zvZSeuIVoTfCbxlYZGuGLtxU__3lfAhZSNJOt9adYc/edit?usp=drivesdk,19zvZSeuIVoTfCbxlYZGuGLtxU__3lfAhZSNJOt9adYc,Internal / Operational,[Null],[Null],[Null],yes,Internal Only. Spreadsheet for tracking customer logo permissions.
Case Study Issues & Suggested Solutions,https://docs.google.com/document/d/1XylpJ-9NM1YCuBgmMF9cq8hk5fKrbMrh-UFM1uliwIk/edit?usp=drivesdk,1XylpJ-9NM1YCuBgmMF9cq8hk5fKrbMrh-UFM1uliwIk,Internal / Operational,[Null],[Null],[Null],yes,Internal Only. Questions for an upcoming customer interview.
Customers with logo use,https://docs.google.com/spreadsheets/d/1pPBLN1o5Nrv-Fzjkbw7PxGLkNFboNPBb28TvgUAKhDw/edit?usp=drivesdk,1pPBLN1o5Nrv-Fzjkbw7PxGLkNFboNPBb28TvgUAKhDw,Case Study,"Scalability, Workflow / Automation","Manager, Executive","Evaluating, Negotiating",yes,Final PDF case study for Sense; excellent for proving scale in Terraform environments.
[For Customers] 2025 Case Study Program,https://docs.google.com/presentation/d/19PwyUWY5kolaIU1oYfecL7LY0aM4F6Mrb4-jOOZuN4o/edit?usp=drivesdk,19PwyUWY5kolaIU1oYfecL7LY0aM4F6Mrb4-jOOZuN4o,Internal / Operational,[Null],[Null],[Null],yes,Internal Only. Preparatory questions for the Sense case study.
Customers approved for logo use,https://docs.google.com/spreadsheets/d/1jg4Dr5LWAmM1j_lpsh_kJZcYyRReEjE3BnLra4bsKyQ/edit?usp=drivesdk,1jg4Dr5LWAmM1j_lpsh_kJZcYyRReEjE3BnLra4bsKyQ,Internal / Operational,[Null],[Null],[Null],yes,Internal Only. Notes on issues encountered during case study drafting.
[Internal] 2025 Case Study Program,https://docs.google.com/presentation/d/1YA3FubtMaLH9qHRtbQbpJMlBgnCdX1W086cAUajsdp4/edit?usp=drivesdk,1YA3FubtMaLH9qHRtbQbpJMlBgnCdX1W086cAUajsdp4,Case Study,"Scalability, Migration","Manager, Executive","Evaluating, Negotiating",yes,High-impact story on multi-cloud orchestration; vital for competitive deals.
[Customers] 2025 Case Study Program,https://docs.google.com/presentation/d/1_OH-Y-I64QQX1DVAvP-wRQbErebwknew2TMeBQz-Leo/edit?usp=drivesdk,1_OH-Y-I64QQX1DVAvP-wRQbErebwknew2TMeBQz-Leo,Customer Story,Workflow / Automation,"Manager, Technical",Evaluating,yes,Partner-focused story; useful for showing how service providers use Spacelift.
Case Study Candidates,https://docs.google.com/spreadsheets/d/1lb9OIhF1IgUldKsMjkbYawms0LMUybE25u3B0safZDI/edit?usp=drivesdk,1lb9OIhF1IgUldKsMjkbYawms0LMUybE25u3B0safZDI,Internal / Operational,[Null],[Null],[Null],yes,Internal Only. Email thread regarding logo usage rights.
Case Study Process,https://docs.google.com/document/d/13lYCSQf3_YQ-e4cZNDUpQL4ffdCPYYOwLF8vEsXEMWg/edit?usp=drivesdk,13lYCSQf3_YQ-e4cZNDUpQL4ffdCPYYOwLF8vEsXEMWg,Case Study,"Governance, Compliance","Executive, Manager","Evaluating, Negotiating",yes,Enterprise story focusing on governance and repo management at scale.
Churned & Unfulfilled Co-marketing Discounted Customers ,https://docs.google.com/spreadsheets/d/1cwhAS9zuAZvJ5W3Yrh4t6tJVSblJdv0nv54oDfIvfas/edit?usp=drivesdk,1cwhAS9zuAZvJ5W3Yrh4t6tJVSblJdv0nv54oDfIvfas,Technical Deep Dive,"Scalability, Workflow / Automation",Technical,Evaluating,yes,A technical breakdown of the architecture used in the Kinect case study.
Top Quotes from Spacelift Case Studies,https://docs.google.com/document/d/1J_cof1V5kVmCVBpDNdVx06EgUw2vP7OhazB6Liz-vT4/edit?usp=drivesdk,1J_cof1V5kVmCVBpDNdVx06EgUw2vP7OhazB6Liz-vT4,Internal / Operational,[Null],[Null],[Null],yes,Internal Only. Schedule for upcoming customer advocacy releases.
Linus Health Case Study Questions ,https://docs.google.com/document/d/1pnA161Y3-xb-6koEhMo0EEvvVbQePCC1QhdjTGOvy4s/edit?usp=drivesdk,1pnA161Y3-xb-6koEhMo0EEvvVbQePCC1QhdjTGOvy4s,Case Study,"Scalability, Workflow / Automation","Manager, Executive","Evaluating, Negotiating",yes,Proof of platform stability under high load; essential for large enterprise prospects.
Case Study: Linus Health ,https://docs.google.com/document/d/1I5dA46RgXQVSI9dEBjUpJzyolJf2IrYnLGL5hyh82SY/edit?usp=drivesdk,1I5dA46RgXQVSI9dEBjUpJzyolJf2IrYnLGL5hyh82SY,Webinar / Demo,"Scalability, Developer Experience","Technical, Manager",Evaluating,yes,Recorded webinar with Checkr team; great for building credibility with architects.
Case Study | DNAnexus ,https://docs.google.com/document/d/19ZKFGW77KhXYJ45nfDpHYj2vWZCpE2u3BhaR76coqAw/edit?usp=drivesdk,19ZKFGW77KhXYJ45nfDpHYj2vWZCpE2u3BhaR76coqAw,Case Study,"Governance, Security","Manager, Executive","Evaluating, Negotiating",yes,High-value story specifically validating the Drift Detection feature.
DNAnexus Case Study Questions ,https://docs.google.com/document/d/1DPZn2psFmeM_AtL4sMFIrKcyA-oTLQxRiIctTmPs4NE/edit?usp=drivesdk,1DPZn2psFmeM_AtL4sMFIrKcyA-oTLQxRiIctTmPs4NE,Internal / Operational,[Null],[Null],[Null],yes,Internal Only. Raw transcript from the Kin interview.
Dojo.pdf,https://drive.google.com/file/d/1mORAYyptQS9AFBrrMF31TzuAMfi7w-_9/view?usp=drivesdk,1mORAYyptQS9AFBrrMF31TzuAMfi7w-_9,Customer Story,"Migration, Scalability","Manager, Executive",Evaluating,yes,Industry-specific story for retail prospects; focuses on cloud migration.
Case study: Dojo,https://docs.google.com/document/d/1KMVQuDW_dOhnGwLH0G1O7Y6qjFKGjMuO85tO_h5Vyus/edit?usp=drivesdk,1KMVQuDW_dOhnGwLH0G1O7Y6qjFKGjMuO85tO_h5Vyus,Internal / Operational,[Null],[Null],[Null],yes,Internal Only. Internal review notes on the Sainsbury's draft.
Dojo × Spacelift: unifying infrastructure as code with governance and visibility,https://docs.google.com/document/d/11t3mzghryq8JQ2sqifuwpZ9V_vZ9bHa1j_J5qaCFn0M/edit?usp=drivesdk,11t3mzghryq8JQ2sqifuwpZ9V_vZ9bHa1j_J5qaCFn0M,Case Study,"Developer Experience, Workflow / Automation","Executive, Manager","Evaluating, Negotiating",yes,Enterprise-wide standardization story; ideal for CTO/VP level conversations.
crunchtime (1).pdf,https://drive.google.com/file/d/1kYhs74DjXQETAIzo8JB0g6jQDXVcR-NJ/view?usp=drivesdk,1kYhs74DjXQETAIzo8JB0g6jQDXVcR-NJ,Sales Deck,"Pricing / ROI, Scalability","Executive, Manager","Evaluating, Closing",yes,A slide deck summarizing key metrics from the top 5 case studies.
Case study transcript: Crunchtime ,https://docs.google.com/document/d/1bExC05VbO4xYLuTYLx1_XOTQilrggwdryYVf5Q5wfbc/edit?usp=drivesdk,1bExC05VbO4xYLuTYLx1_XOTQilrggwdryYVf5Q5wfbc,,"Security, Compliance","Manager, Executive",Evaluating,yes,
Case study: Crunchtime,https://docs.google.com/document/d/1sQh_Q4aQvkMpzXqnnlnm7Hn0w0xRwcFv0zyikuwXzss/edit?usp=drivesdk,1sQh_Q4aQvkMpzXqnnlnm7Hn0w0xRwcFv0zyikuwXzss,,[Null],[Null],[Null],yes,
Crunchtime Case Study Questions ,https://docs.google.com/document/d/1DJKJ45pPnIQx-Z6Zl4u03bjUKh4w61ksQ5mJDQU2fvA/edit?usp=drivesdk,1DJKJ45pPnIQx-Z6Zl4u03bjUKh4w61ksQ5mJDQU2fvA,,[Null],[Null],[Null],yes,
Butterfly Network Scales Regulated Infrastructure with Spacelift,https://docs.google.com/document/d/1FmNLxIAe5iP_CfWyljL64ffpsg59lqaluZ_VWzHAedU/edit?usp=drivesdk,1FmNLxIAe5iP_CfWyljL64ffpsg59lqaluZ_VWzHAedU,,"Workflow / Automation, Developer Experience","Manager, Technical","Evaluating, Negotiating",yes,
Butterfly Network case study questions ,https://docs.google.com/document/d/1VxAY-t-zc96fQe41kPoMjcjwFhk8I9a9oP2Fpzja0M4/edit?usp=drivesdk,1VxAY-t-zc96fQe41kPoMjcjwFhk8I9a9oP2Fpzja0M4,,Pricing / ROI,"Manager, Executive","Evaluating, Negotiating",yes,
Case Study: Ping Identity,https://docs.google.com/document/d/15eEhp56s_iPLmtowJRzz0EsaikQYDQxjuhF4uve6oDc/edit?usp=drivesdk,15eEhp56s_iPLmtowJRzz0EsaikQYDQxjuhF4uve6oDc,,Workflow / Automation,"Technical, Manager",Evaluating,yes,
Case Study: Figma,https://docs.google.com/document/d/1V4ywMfVvk7mpY86iFBaWzpDKD1WA4PwRPPV5oS4gOLg/edit?usp=drivesdk,1V4ywMfVvk7mpY86iFBaWzpDKD1WA4PwRPPV5oS4gOLg,,"Security, Compliance","Manager, Executive","Evaluating, Negotiating",yes,
Enabling a Smooth Migration to OpenTofu for Talkdesk,https://docs.google.com/document/d/1-Z0i0EXJv5J274ub9yISZ7wSsO7YTuZIMJhK4Muq9Mc/edit?usp=drivesdk,1-Z0i0EXJv5J274ub9yISZ7wSsO7YTuZIMJhK4Muq9Mc,,Developer Experience,"Manager, Technical",Evaluating,yes,
Case Study: FirstCape,https://docs.google.com/document/d/1mV62WQNtVLieuNeXmqn84fQ3N00KHbu00ifoRxBjVow/edit?usp=drivesdk,1mV62WQNtVLieuNeXmqn84fQ3N00KHbu00ifoRxBjVow,,[Null],[Null],[Null],yes,
FirstCape Case Study Questions ,https://docs.google.com/document/d/1Kd1Q7IOyuiLi8kJnY_dJLzVv7y0uSBlBBmnRe3kwW_I/edit?usp=drivesdk,1Kd1Q7IOyuiLi8kJnY_dJLzVv7y0uSBlBBmnRe3kwW_I,,"Compliance, Governance","Executive, Manager",Evaluating,yes,
Infinite Campus Case Study Questions ,https://docs.google.com/document/d/1yryDvP2tMk20BXNPmc3E5EinFfN3Ke4FY0c1IJAU8cw/edit?usp=drivesdk,1yryDvP2tMk20BXNPmc3E5EinFfN3Ke4FY0c1IJAU8cw,,[Null],[Null],[Null],yes,
Commercetools case study questions ,https://docs.google.com/document/d/1tMb9EpTv93lzYNFUEAXEpjkP3yfW6nVTI0XnhIaqVVw/edit?usp=drivesdk,1tMb9EpTv93lzYNFUEAXEpjkP3yfW6nVTI0XnhIaqVVw,,"Security, Compliance","Manager, Executive","Evaluating, Negotiating",yes,
Coinme Snapshot Questions,https://docs.google.com/document/d/1sKiYr2dgZnGIXgyFhlO9pM4wDChZcf_NSrMIc4oCutk/edit?usp=drivesdk,1sKiYr2dgZnGIXgyFhlO9pM4wDChZcf_NSrMIc4oCutk,,Developer Experience,"Technical, End-User","Exploring, Evaluating",yes,
IXL Learning Case Study Questions (Technical),https://docs.google.com/document/d/1rVpXanaQsodgES2VfJOAIANytBfHcIvmS0eYGE3P3rA/edit?usp=drivesdk,1rVpXanaQsodgES2VfJOAIANytBfHcIvmS0eYGE3P3rA,,[Null],[Null],[Null],yes,
Case study - Formation Bio.pdf,https://drive.google.com/file/d/1cFKNR1_pDXmsstWBnyLxubnnVJq1iL6I/view?usp=drivesdk,1cFKNR1_pDXmsstWBnyLxubnnVJq1iL6I,,[Null],[Null],[Null],yes,
Case Study - Moov.pdf,https://drive.google.com/file/d/12XD1uQY4x5W7kTkGBLgTLzVG5uEJul1o/view?usp=drivesdk,12XD1uQY4x5W7kTkGBLgTLzVG5uEJul1o,,"Cost Optimization, Scalability","Manager, Executive","Evaluating, Negotiating",yes,
TrueCar: Upgrading Our Infrastructure with OpenTofu,https://docs.google.com/document/d/1FYwDHqujONQcFi3e6FYi65MfkFzOOn8tSqx8Yub-l6k/edit?usp=drivesdk,1FYwDHqujONQcFi3e6FYi65MfkFzOOn8tSqx8Yub-l6k,,Cost Optimization,"Manager, Technical",Evaluating,yes,
Case Study | TrueCar,https://docs.google.com/document/d/1sAqPYlwGblLzoFZ-qa6kz5vddGT7C2ZGTPmq6wb-znk/edit?usp=drivesdk,1sAqPYlwGblLzoFZ-qa6kz5vddGT7C2ZGTPmq6wb-znk,,"Scalability, Workflow / Automation","Manager, Executive","Evaluating, Negotiating",yes,
Case Study - TrueCar.pdf,https://drive.google.com/file/d/161ftDbPoyTL0JUeAdPqbls0gDrHHydsP/view?usp=drivesdk,161ftDbPoyTL0JUeAdPqbls0gDrHHydsP,,Scalability,Technical,Evaluating,yes,
Case study | Pomelo,https://docs.google.com/document/d/1w8BsaTz_YTuxSMbwys4G6pt3_Q_TBTXycWC2SDFV1LU/edit?usp=drivesdk,1w8BsaTz_YTuxSMbwys4G6pt3_Q_TBTXycWC2SDFV1LU,,[Null],[Null],[Null],yes,
Case Study - Pomelo.pdf,https://drive.google.com/file/d/1UIHaCP-FNXKS9gaak9RFOm1fH_duflLL/view?usp=drivesdk,1UIHaCP-FNXKS9gaak9RFOm1fH_duflLL,,[Null],[Null],[Null],yes,
Case Study - PayFit .pdf,https://drive.google.com/file/d/1pRcB8s50DUi2z2_fByNf_-m3wF40-LfH/view?usp=drivesdk,1pRcB8s50DUi2z2_fByNf_-m3wF40-LfH,,"Workflow / Automation, Scalability","Executive, Manager","Evaluating, Negotiating",yes,
Case Study | Payfit ,https://docs.google.com/document/d/12okvotg3WylDbVLIc15xbaz0n44NevXgEwG9w-tP3WA/edit?usp=drivesdk,12okvotg3WylDbVLIc15xbaz0n44NevXgEwG9w-tP3WA,,[Null],[Null],[Null],yes,
Case study | Airtime Rewards ,https://docs.google.com/document/d/1-DicPDcyJZQxMDtvuPqe20DSMs4wFqqk-iQYK6T82Pw/edit?usp=drivesdk,1-DicPDcyJZQxMDtvuPqe20DSMs4wFqqk-iQYK6T82Pw,,"Compliance, Security","Executive, Manager","Evaluating, Negotiating",yes,
Case Study - Airtime Rewards.pdf,https://drive.google.com/file/d/1hkr0L-mgZXKtkGS3JUQvPRmbz9UntHsc/view?usp=drivesdk,1hkr0L-mgZXKtkGS3JUQvPRmbz9UntHsc,,"Security, Compliance","Technical, Manager",Evaluating,yes,
Case study | Archipelago,https://docs.google.com/document/d/1dlTC4MRWMgWm0e-pm7Qj6BDYghePLkNUNUFBCpY_SSA/edit?usp=drivesdk,1dlTC4MRWMgWm0e-pm7Qj6BDYghePLkNUNUFBCpY_SSA,,[Null],[Null],[Null],yes,
Case study: Xealth ,https://docs.google.com/document/d/1PwmnRKKfeQm3IAC8I5BgvAOgTHXawO46W-FcCvA6kRw/edit?usp=drivesdk,1PwmnRKKfeQm3IAC8I5BgvAOgTHXawO46W-FcCvA6kRw,,[Null],[Null],[Null],yes,
Case Study - Xealth.pdf,https://drive.google.com/file/d/1nKr3L4eeZJXQFcdlXoBwGNPDHud7UVrs/view?usp=drivesdk,1nKr3L4eeZJXQFcdlXoBwGNPDHud7UVrs,,"Workflow / Automation, Developer Experience","Manager, Technical","Evaluating, Negotiating",yes,
Case study | Varner,https://docs.google.com/document/d/1pszq3s9SfPZIObmGNJfex1241nONDc_G_-VEgnr9rc0/edit?usp=drivesdk,1pszq3s9SfPZIObmGNJfex1241nONDc_G_-VEgnr9rc0,,Pricing / ROI,"Executive, Manager","Evaluating, Negotiating",yes,
Case Study - VARNER.pdf,https://drive.google.com/file/d/1M92dPY51ouLqorsKXaEBDAW3yoEaMFp_/view?usp=drivesdk,1M92dPY51ouLqorsKXaEBDAW3yoEaMFp_,,[Null],[Null],[Null],yes,
Case study | Völur,https://docs.google.com/document/d/1VEX4705L7942g6v4wttBDuINHN2SFWkc-PJfvgQGoM8/edit?usp=drivesdk,1VEX4705L7942g6v4wttBDuINHN2SFWkc-PJfvgQGoM8,,[Null],[Null],[Null],yes,
Case Study - Völur.pdf,https://drive.google.com/file/d/1seYPOuVCTsku42-cTZK0VVquuon6WeNx/view?usp=drivesdk,1seYPOuVCTsku42-cTZK0VVquuon6WeNx,,[Null],[Null],[Null],yes,
Case Study - Orbica.pdf,https://drive.google.com/file/d/1Ezrc3vPYPlTFcQgELm2pD4BNmJLX2B8y/view?usp=drivesdk,1Ezrc3vPYPlTFcQgELm2pD4BNmJLX2B8y,,Workflow / Automation,"Manager, Executive","Exploring, Evaluating",yes,
Case Studyy - Sqills.pdf,https://drive.google.com/file/d/1FpMwyJDyx4bM5gA4atfbueMy5Esx0KOM/view?usp=drivesdk,1FpMwyJDyx4bM5gA4atfbueMy5Esx0KOM,,[Null],[Null],[Null],yes,
Case study | Novibet,https://docs.google.com/document/d/1Dzvf25RB8zs1CebAT4jWiCtTX_piRyCLE54zEvJdbEw/edit?usp=drivesdk,1Dzvf25RB8zs1CebAT4jWiCtTX_piRyCLE54zEvJdbEw,,[Null],[Null],[Null],yes,
Case Study - Novibet.pdf,https://drive.google.com/file/d/1PfH8uBFUtw3T0Pbo_JGGyFY2suIK0J-v/view?usp=drivesdk,1PfH8uBFUtw3T0Pbo_JGGyFY2suIK0J-v,,"Workflow / Automation, Scalability","Manager, Executive","Evaluating, Negotiating",yes,
Case Study - Redfin.pdf,https://drive.google.com/file/d/1TTaPjTqx4-dIGuF7sEMYpmksoWBRi8XB/view?usp=drivesdk,1TTaPjTqx4-dIGuF7sEMYpmksoWBRi8XB,,[Null],[Null],[Null],yes,
Case study: Redfin,https://docs.google.com/document/d/1kYRZxJ-9UwZu6VTBlAB_Nx_m1qbPRaBZRhBkBdxKKcI/edit?usp=drivesdk,1kYRZxJ-9UwZu6VTBlAB_Nx_m1qbPRaBZRhBkBdxKKcI,,[Null],[Null],[Null],yes,
Case Study - Handshake.pdf,https://drive.google.com/file/d/1I1yPnlHoa5hEFUe3JC1yJL0geGL9qd0O/view?usp=drivesdk,1I1yPnlHoa5hEFUe3JC1yJL0geGL9qd0O,,[Null],[Null],[Null],yes,
Case study | Handshake,https://docs.google.com/document/d/1O9ytPns5yCN4JXtR8q81T2zBPlPkonklTn4hMfinhFc/edit?usp=drivesdk,1O9ytPns5yCN4JXtR8q81T2zBPlPkonklTn4hMfinhFc,,Scalability,"Manager, Executive","Evaluating, Negotiating",yes,
casestudy_spacelift-duolingo_v0.7_A4.pdf,https://drive.google.com/file/d/1vzX4G_SwKkQnO79JL3kHqgD-0caqwYJq/view?usp=drivesdk,1vzX4G_SwKkQnO79JL3kHqgD-0caqwYJq,,"Scalability, Migration","Manager, Executive","Evaluating, Negotiating",yes,
Duolingo Experience Case Study,https://docs.google.com/document/d/1EZaSz5O6grVm6DjNwuSzEFS8AD5s4_8XxjD-lS1q-nY/edit?usp=drivesdk,1EZaSz5O6grVm6DjNwuSzEFS8AD5s4_8XxjD-lS1q-nY,,[Null],[Null],[Null],yes,
PAR Retail Experience Case Study - UNPUBLISHED,https://docs.google.com/document/d/1DCut8yx-ZkD4zizKAw05klt-0_u9nN9pqTAt-l5a880/edit?usp=drivesdk,1DCut8yx-ZkD4zizKAw05klt-0_u9nN9pqTAt-l5a880,,"Governance, Compliance","Executive, Manager","Evaluating, Negotiating",yes,
Case Study - MadeiraMadeira.pdf,https://drive.google.com/file/d/1adp8znEPM37OZt6uVjyEFWkPEyyefmN_/view?usp=drivesdk,1adp8znEPM37OZt6uVjyEFWkPEyyefmN_,,[Null],[Null],[Null],yes,
Case Study - Affinity.pdf,https://drive.google.com/file/d/1bnbVumBdgfGbLcYL-27HENLGCBlG6j3H/view?usp=drivesdk,1bnbVumBdgfGbLcYL-27HENLGCBlG6j3H,,"Scalability, Workflow / Automation","Manager, Executive","Evaluating, Negotiating",yes,
Case study - Affinity,https://docs.google.com/document/d/1WI8XjbeKqov39-v5wYOYvfC24WHzCIKXEhEgS_60-Qw/edit?usp=drivesdk,1WI8XjbeKqov39-v5wYOYvfC24WHzCIKXEhEgS_60-Qw,,"Scalability, Pricing / ROI","Technical, Manager",Evaluating,yes,
Case Study - Picnic Technologies.pdf,https://drive.google.com/file/d/1TxEwGo7tgJlyveWOiWWonLTF10ImSz3G/view?usp=drivesdk,1TxEwGo7tgJlyveWOiWWonLTF10ImSz3G,,"Workflow / Automation, Developer Experience","Manager, Executive","Evaluating, Negotiating",yes,
Case study - Logixboard.pdf,https://drive.google.com/file/d/1Z0NYC6Jp_L2kcvVqdJiPaeRpkDP6yGal/view?usp=drivesdk,1Z0NYC6Jp_L2kcvVqdJiPaeRpkDP6yGal,,"Technical Deep Dive, Workflow / Automation",Technical,Evaluating,yes,
Case Study - SpotOn.pdf,https://drive.google.com/file/d/1NNH_A8jb7iGlagYQP7f421CZGvgKQcDu/view?usp=drivesdk,1NNH_A8jb7iGlagYQP7f421CZGvgKQcDu,,"Migration, Scalability","Manager, Executive","Evaluating, Negotiating",yes,
Case Study - Brace.pdf,https://drive.google.com/file/d/1VC7aW_H-asD77Ozb7xOfsiajsGo2JoZ2/view?usp=drivesdk,1VC7aW_H-asD77Ozb7xOfsiajsGo2JoZ2,,[Null],[Null],[Null],yes,
Tier Mobility - OLD VERSION,https://docs.google.com/document/d/1OXNfS_d7T-m4DwCvQmOI9CZue2dav5ZRe7uII-NQ1Bk/edit?usp=drivesdk,1OXNfS_d7T-m4DwCvQmOI9CZue2dav5ZRe7uII-NQ1Bk,,[Null],[Null],[Null],yes,
Case Study - Tier Mobility.pdf,https://drive.google.com/file/d/1-iU22sSXo-_55L5uaf0NfNMIDvx4Lp7O/view?usp=drivesdk,1-iU22sSXo-_55L5uaf0NfNMIDvx4Lp7O,,"Developer Experience, Workflow / Automation","Executive, Manager","Evaluating, Negotiating",yes,
Lightspeed - OLD VERSION,https://docs.google.com/document/d/1GDFre_2l8jT46C0FUJ0u7m9f4WnMcxR0kCNvTfW31cI/edit?usp=drivesdk,1GDFre_2l8jT46C0FUJ0u7m9f4WnMcxR0kCNvTfW31cI,,Developer Experience,"Manager, Executive","Evaluating, Closing",yes,
Case Study - Lightspeed.pdf,https://drive.google.com/file/d/1BfdqBX4BfNG-Mrxs5arm6SOODKw9xHcM/view?usp=drivesdk,1BfdqBX4BfNG-Mrxs5arm6SOODKw9xHcM,,"Compliance, Governance","Executive, Manager","Evaluating, Negotiating",yes,
Case Study Interview cloudposse - OLD VERSION,https://docs.google.com/document/d/1O6718x-Awh59mOHL618TekuO7VjXPf8jaMPfZ5t9R4g/edit?usp=drivesdk,1O6718x-Awh59mOHL618TekuO7VjXPf8jaMPfZ5t9R4g,,"Governance, Security",Technical,Evaluating,yes,
Case study - Cloud Posse.pdf,https://drive.google.com/file/d/12kCnCB9ew1DsakKPP6VpA9QMTQ9F7Bnf/view?usp=drivesdk,12kCnCB9ew1DsakKPP6VpA9QMTQ9F7Bnf,,[Null],[Null],[Null],yes,
Kin - OLD VERSION,https://docs.google.com/document/d/1x_uCQ5EoIZ58snghVfHhDdo5GMuxrq4IvpzHm4LkuK0/edit?usp=drivesdk,1x_uCQ5EoIZ58snghVfHhDdo5GMuxrq4IvpzHm4LkuK0,,"Migration, Scalability","Manager, Executive",Evaluating,yes,
Case Study - Kin.pdf,https://drive.google.com/file/d/1LpHLEroPsqe5SH_VvDJd2u06jRbQqAa6/view?usp=drivesdk,1LpHLEroPsqe5SH_VvDJd2u06jRbQqAa6,,Migration,"Technical, Manager",Evaluating,yes,
Case Study ChatGPT Update Instructions,https://docs.google.com/document/d/1psno1FJZ6-MT9ioaw3Wd9kD3BdvMn9nTIY8IhsDabbE/edit?usp=drivesdk,1psno1FJZ6-MT9ioaw3Wd9kD3BdvMn9nTIY8IhsDabbE,,"Scalability, Workflow / Automation","Manager, Executive","Evaluating, Negotiating",yes,
Spacelift-case-studies.json,https://docs.google.com/document/d/1gzzODzSx9AGwIM0lRdWsspPzc-9CHBKjyB9Xt-1I9r8/edit?usp=drivesdk,1gzzODzSx9AGwIM0lRdWsspPzc-9CHBKjyB9Xt-1I9r8,,Pricing / ROI,"Executive, Manager","Negotiating, Closing",yes,
Closed/Won Q4 2026,https://docs.google.com/spreadsheets/d/1aHvdCDF8bQdSw2bdpIWxVhG0E6_Day9anCH0na3qPmU/edit?usp=drivesdk,1aHvdCDF8bQdSw2bdpIWxVhG0E6_Day9anCH0na3qPmU,,"Cost Optimization, Scalability","Manager, Executive","Evaluating, Negotiating",yes,
,,,,Cost Optimization,"Executive, Manager","Evaluating, Closing",yes,
,,,,"Workflow / Automation, Developer Experience","Manager, Technical","Evaluating, Negotiating",yes,
,,,,Workflow / Automation,"Technical, Manager",Evaluating,yes,
,,,,"Security, Compliance","Manager, Executive","Evaluating, Negotiating",yes,
,,,,"Security, Compliance","Technical, Manager",Evaluating,yes,
,,,,"Workflow / Automation, Scalability","Executive, Manager","Evaluating, Negotiating",yes,
,,,,Workflow / Automation,Technical,Evaluating,yes,
,,,,"Workflow / Automation, Developer Experience","Manager, Technical","Evaluating, Negotiating",yes,
,,,,Pricing / ROI,"Manager, Executive","Evaluating, Negotiating",yes,
,,,,"Workflow / Automation, Scalability","Manager, Executive","Evaluating, Negotiating",yes,
,,,,[Null],[Null],[Null],yes,
,,,,[Null],[Null],[Null],yes,
,,,,"Developer Experience, Scalability","Manager, Executive","Exploring, Evaluating",yes,
,,,,Scalability,"Technical, End-User",Exploring,yes,
,,,,Compliance,"Technical, Manager",Exploring,yes,
,,,,Migration,"Technical, Manager",Exploring,yes,
,,,,Workflow / Automation,"Technical, End-User",Exploring,yes,
,,,,"Developer Experience, Scalability","Manager, Executive",Exploring,yes,
,,,,"Workflow / Automation, Scalability","Manager, Executive","Evaluating, Negotiating",yes,
,,,,[Null],[Null],[Null],yes,
,,,,Workflow / Automation,Technical,Evaluating,yes,
,,,,[Null],[Null],[Null],yes,
,,,,"Compliance, Governance","Executive, Manager","Evaluating, Negotiating",yes,
,,,,[Null],[Null],[Null],yes,